Ref,Val,Package,PosX,PosY,Rot,Side
"C1","100n","C_0603_1608Metric",24.900001,27.317514,270.000000,top
"C2","0.01uF","C_0603_1608Metric",16.900000,18.899999,0.000000,top
"C3","0.01uF","C_0603_1608Metric",16.300000,16.600000,90.000000,top
"C4",".01uF","C_0603_1608Metric",33.800000,19.600000,270.000000,top
"C5","2.2u","C_0603_1608Metric",18.500000,23.350000,180.000000,top
"C6","100n","C_0603_1608Metric",17.800000,16.600000,90.000000,top
"C7","100n","C_0603_1608Metric",57.100000,34.600000,180.000000,top
"C8","2.2u","C_0603_1608Metric",49.400000,26.400000,270.000000,top
"C9","22uF","C_0805_2012Metric",47.475000,34.500000,270.000000,top
"C10","22uF","C_0805_2012Metric",45.525000,34.500000,270.000000,top
"C11","22uF","C_0805_2012Metric",45.700000,26.500000,90.000000,top
"C12","6.8n","C_0603_1608Metric",24.000000,37.200000,90.000000,top
"C13","120p","C_0603_1608Metric",22.500000,40.200000,90.000000,top
"C14","15nF","C_0603_1608Metric",21.100000,49.200000,180.000000,top
"C15","4.7uF, 100V","C_1210_3225Metric",21.600000,52.850000,0.000000,top
"C16","1nF","C_0603_1608Metric",37.650000,33.300000,90.000000,top
"C17","100n","C_0603_1608Metric",25.100000,53.500000,90.000000,top
"C18","220n","C_0603_1608Metric",27.575000,54.100000,0.000000,top
"C19","2.2uF","C_0603_1608Metric",14.300000,44.900000,180.000000,top
"C20","22uf","C_0805_2012Metric",14.675000,42.300000,90.000000,top
"C21","22uf","C_0805_2012Metric",16.575000,42.300000,90.000000,top
"C22","22uf","C_0805_2012Metric",18.500000,44.300000,270.000000,top
"C23","22n","C_0603_1608Metric",31.600000,40.000000,270.000000,top
"C24","220n","C_0603_1608Metric",30.950000,55.600000,0.000000,top
"C25","2.2uF","C_0603_1608Metric",28.600000,40.000000,270.000000,top
"C26","2.2uF","C_0603_1608Metric",30.100000,40.000000,270.000000,top
"C27","220n","C_0603_1608Metric",33.912500,53.600000,0.000000,top
"C28","2.2uF","C_0603_1608Metric",35.250000,40.000000,270.000000,top
"C29","1nF","C_0603_1608Metric",37.800000,53.600000,180.000000,top
"C30","2.2uF","C_0603_1608Metric",37.200000,40.000000,90.000000,top
"C31","4.7uF, 100V","C_1210_3225Metric",39.700000,49.100000,90.000000,top
"C32","100n","C_0603_1608Metric",46.400000,41.800000,90.000000,top
"C33","1nF","C_0603_1608Metric",40.800000,53.600000,0.000000,top
"C34","1nF","C_0603_1608Metric",45.100000,55.400000,0.000000,top
"C35","10uF, 100V","C_2220_5650Metric_Pad1.97x5.40mm_HandSolder",33.500000,80.900000,270.000000,top
"C36","10uF, 100V","C_2220_5650Metric_Pad1.97x5.40mm_HandSolder",13.400000,80.837500,270.000000,top
"C37","10uF, 100V","C_2220_5650Metric_Pad1.97x5.40mm_HandSolder",53.100000,80.800000,270.000000,top
"C40","4.7nF, 100V","C_0805_2012Metric",14.100000,61.700000,270.000000,top
"C41","4.7nF, 100V","C_0805_2012Metric",34.300000,61.800000,270.000000,top
"C42","4.7nF, 100V","C_0805_2012Metric",53.700000,61.700000,270.000000,top
"C43","0.1u","C_0603_1608Metric",45.825000,22.200000,90.000000,top
"C44","1nF","C_0603_1608Metric",55.925000,23.825000,180.000000,top
"C45","2.2u","C_0603_1608Metric",32.300000,23.400000,270.000000,top
"C46","2.2u","C_0603_1608Metric",31.300000,11.599999,180.000000,top
"C47","2.2u","C_0603_1608Metric",17.500000,12.900000,0.000000,top
"C48","2.2u","C_0603_1608Metric",16.900000,21.849999,0.000000,top
"C49","2.2u","C_0603_1608Metric",29.500000,25.600000,270.000000,top
"C50","15p","C_0603_1608Metric",21.800000,29.750000,180.000000,top
"C51","15p","C_0603_1608Metric",30.400000,30.500000,90.000000,top
"C52","100n","C_0603_1608Metric",26.900000,26.200000,270.000000,top
"C53","2.2u","C_0603_1608Metric",23.300357,27.317517,270.000000,top
"C54","2.2u","C_0603_1608Metric",21.900357,27.317516,270.000000,top
"C55","2.2u","C_0603_1608Metric",17.475357,14.342516,180.000000,top
"C56","2.2u","C_0603_1608Metric",31.300000,9.700000,0.000000,top
"C57","1nF","C_0603_1608Metric",39.150000,33.300000,90.000000,top
"C58","1nF","C_0603_1608Metric",46.400000,38.800000,90.000000,top
"C59","100n","C_0603_1608Metric",44.600000,44.912499,270.000000,top
"C60","100n","C_0603_1608Metric",9.500000,35.000000,90.000000,top
"C61","1nF","C_0603_1608Metric",10.500000,76.200000,180.000000,top
"C62","1nF","C_0603_1608Metric",8.850000,59.600000,270.000000,top
"C63","1nF","C_0603_1608Metric",30.650000,76.250000,180.000000,top
"C64","100n","C_0603_1608Metric",11.900000,37.400000,0.000000,top
"C65","1nF","C_0603_1608Metric",29.000000,59.500000,270.000000,top
"C66","1nF","C_0603_1608Metric",50.000000,76.150000,180.000000,top
"C67","1nF","C_0603_1608Metric",48.300000,59.400000,270.000000,top
"D1"," SMF05CT1G","SOT-363_SC-70-6",35.375000,8.400000,90.000000,top
"D2"," SMF05CT1G","SOT-363_SC-70-6",12.775000,8.200000,270.000000,top
"D3","RED","LED_0603_1608Metric",43.300001,13.800000,90.000000,top
"D4","GRN","LED_0603_1608Metric",39.700000,13.800000,90.000000,top
"D5","BLU","LED_0603_1608Metric",41.500000,13.800000,90.000000,top
"D6","100v, 1A","D_SMA",16.100000,51.300000,270.000000,top
"L1","22u","L_Taiyo-Yuden_NR-60xx_HandSoldering",10.900000,50.200000,270.000000,top
"NTC1","NTC 10k","R_0603_1608Metric",50.000000,54.300000,0.000000,top
"R1","39k","R_0603_1608Metric",22.500000,32.200000,270.000000,top
"R2","2k2","R_0603_1608Metric",20.700000,32.200000,270.000000,top
"R3","22R","R_0603_1608Metric",27.400000,9.100000,270.000000,top
"R4","22R","R_0603_1608Metric",25.900000,9.100000,270.000000,top
"R5","100R","R_0603_1608Metric",16.899999,20.400000,180.000000,top
"R6","100R","R_0603_1608Metric",45.100000,16.800000,270.000000,top
"R7","100R","R_0603_1608Metric",16.775000,8.600000,180.000000,top
"R8","100R","R_0603_1608Metric",16.775000,10.100000,180.000000,top
"R9","100R","R_0603_1608Metric",14.800000,16.600000,270.000000,top
"R10","100R","R_0603_1608Metric",43.300001,16.800000,90.000000,top
"R11","100R","R_0603_1608Metric",39.700000,16.800000,90.000000,top
"R12","2k2","R_0603_1608Metric",41.500000,16.800000,90.000000,top
"R13","10k","R_0603_1608Metric",16.350000,29.050000,180.000000,top
"R14","10k","R_0603_1608Metric",19.375000,7.100000,180.000000,top
"R15","2k2","R_0603_1608Metric",22.700000,7.000000,180.000000,top
"R16","2k2","R_0603_1608Metric",22.700000,8.500000,180.000000,top
"R17","2k2","R_0603_1608Metric",22.700000,10.017515,180.000000,top
"R18","3.3k","R_0603_1608Metric",20.800000,44.000000,90.000000,top
"R19","220k","R_0603_1608Metric",22.500000,44.000000,90.000000,top
"R20","15k","R_0603_1608Metric",24.000000,40.212500,270.000000,top
"R21","18k","R_0603_1608Metric",20.075000,41.800000,0.000000,top
"R22","10k","R_0603_1608Metric",27.275000,34.900000,90.000000,top
"R23","10k","R_0603_1608Metric",26.300000,39.800000,90.000000,top
"R24","1k","R_0603_1608Metric",30.675000,34.300000,180.000000,top
"R25","2k2","R_0603_1608Metric",33.900000,17.100000,0.000000,top
"R26","1k","R_0603_1608Metric",37.200000,36.600000,90.000000,top
"R27","39k","R_0603_1608Metric",3.900000,59.600000,270.000000,top
"R28","1k","R_0603_1608Metric",38.700000,36.600000,90.000000,top
"R29","2k2","R_0603_1608Metric",19.000000,32.200000,90.000000,top
"R30","1k","R_0603_1608Metric",47.900000,41.800000,90.000000,top
"R31","39k","R_0603_1608Metric",24.500000,59.200000,180.000000,top
"R32","2k2","R_0603_1608Metric",17.300000,32.200000,90.000000,top
"R33","10R","R_0805_2012Metric",16.700000,60.600000,180.000000,top
"R34","10k","R_0603_1608Metric",43.050000,44.900000,270.000000,top
"R35","10k","R_0603_1608Metric",43.800000,42.650000,0.000000,top
"R36","39k","R_0603_1608Metric",53.600000,58.000000,270.000000,top
"R37","10R","R_0805_2012Metric",36.900000,60.600000,180.000000,top
"R38","2k2","R_0603_1608Metric",15.500000,32.200000,90.000000,top
"R39","10R","R_0805_2012Metric",56.300000,62.400000,180.000000,top
"R41","10R","R_0805_2012Metric",13.700000,74.800000,0.000000,top
"R42","10R","R_0805_2012Metric",33.800000,75.000000,0.000000,top
"R43","10R","R_0805_2012Metric",53.200000,74.900000,0.000000,top
"R44","4.7k","R_0603_1608Metric",10.500000,74.700000,180.000000,top
"R45","4.7k","R_0603_1608Metric",30.650000,74.800000,0.000000,top
"R46","4.7k","R_0603_1608Metric",50.000000,74.650000,0.000000,top
"R47","10R","R_0805_2012Metric",12.000000,59.400000,270.000000,top
"R48","10R","R_0805_2012Metric",32.200000,59.362500,270.000000,top
"R49","10R","R_0805_2012Metric",51.500000,59.200000,270.000000,top
"R50","4.7k","R_0603_1608Metric",10.300000,59.612500,270.000000,top
"R51","4.7k","R_0603_1608Metric",30.500000,59.500000,90.000000,top
"R52","4.7k","R_0603_1608Metric",49.800000,59.400000,90.000000,top
"R53","10R","R_0805_2012Metric",16.700000,62.500000,180.000000,top
"R54","10R","R_0805_2012Metric",36.900000,62.500000,180.000000,top
"R55","10R","R_0805_2012Metric",56.300000,60.500000,180.000000,top
"R56","0.001R","R_2512_Yageo_big_pads",6.800000,72.400000,270.000000,top
"R57","0.001R","R_2512_Yageo_big_pads",2.900000,72.400000,270.000000,top
"R58","0.001R","R_2512_Yageo_big_pads",27.025000,72.500000,270.000000,top
"R59","0.001R","R_2512_Yageo_big_pads",23.175000,72.500000,270.000000,top
"R60","0.001R","R_2512_Yageo_big_pads",42.425000,72.500000,270.000000,top
"R61","0.001R","R_2512_Yageo_big_pads",46.325000,72.500000,270.000000,top
"R62","60","R_0603_1608Metric",55.925000,22.299999,0.000000,top
"R63","60","R_0603_1608Metric",55.925000,20.800000,180.000000,top
"R64","20k","R_0603_1608Metric",53.800000,45.200000,90.000000,top
"R65","20k","R_0603_1608Metric",48.500000,50.000000,0.000000,top
"R66","1k","R_0603_1608Metric",44.300000,53.212500,90.000000,top
"R67","1k","R_0603_1608Metric",45.800000,53.200000,90.000000,top
"R69","1k","R_0603_1608Metric",12.400000,32.500000,180.000000,top
"R70","1k","R_0603_1608Metric",12.400000,31.050000,0.000000,top
"U1","AMS1117-3.3","SOT-223-3_TabPin2",53.050000,30.200000,180.000000,top
"U2","DRV8301","HTSSOP-56-1EP_6.1x14mm_P0.5mm_EP3.61x6.35mm",30.660000,46.800000,90.000000,top
"U3","TP2604-SR","SOIC-8_3.9x4.9mm_P1.27mm",49.100000,46.200000,180.000000,top
"U4","TJA1051T/3/1J","SOIC-8_3.9x4.9mm_P1.27mm",50.325000,22.200000,0.000000,top
"U5","STM32F405RGT6","LQFP-64_10x10mm_P0.5mm",25.675358,17.542513,270.000000,top
"U6","BMI160","Bosch_LGA-14_3x2.5mm_P0.5mm",12.150000,34.860000,180.000000,top
"X1","8MHz 10ppm (X50328MSB2GI)","Crystal_SMD_5032-2Pin_5.0x3.2mm",26.500000,30.700000,0.000000,top
